<?xml version="1.0" encoding="UTF-8"?>
<project-private xmlns="http://www.netbeans.org/ns/project-private/1">
    <editor-bookmarks xmlns="http://www.netbeans.org/ns/editor-bookmarks/2" lastBookmarkId="0"/>
    <open-files xmlns="http://www.netbeans.org/ns/projectui-open-files/2">
        <group>
            <file>file:/C:/Users/patel/Documents/sem2%20java/week6/midterm/src/midterm/TheArray.java</file>
            <file>file:/C:/Users/patel/Documents/sem2%20java/week6/midterm/src/midterm/Test.java</file>
            <file>file:/C:/Users/patel/Documents/sem2%20java/week6/midterm/src/midterm/Midterm.java</file>
            <file>file:/C:/Users/patel/Documents/sem2%20java/week6/midterm/src/midterm/Third.java</file>
            <file>file:/C:/Users/patel/Documents/sem2%20java/week6/midterm/src/midterm/Four.java</file>
            <file>file:/C:/Users/patel/Documents/sem2%20java/week6/midterm/src/midterm/Two.java</file>
            <file>file:/C:/Users/patel/Documents/sem2%20java/week6/midterm/src/midterm/First.java</file>
            <file>file:/C:/Users/patel/Documents/sem2%20java/week6/midterm/src/midterm/Five.java</file>
            <file>file:/C:/Users/patel/Documents/sem2%20java/week6/midterm/src/midterm/Three.java</file>
        </group>
    </open-files>
</project-private>
