<?xml version="1.0" encoding="UTF-8"?>
<project-private xmlns="http://www.netbeans.org/ns/project-private/1">
    <editor-bookmarks xmlns="http://www.netbeans.org/ns/editor-bookmarks/2" lastBookmarkId="0"/>
    <open-files xmlns="http://www.netbeans.org/ns/projectui-open-files/2">
        <group>
            <file>file:/C:/Users/patel/Documents/sem2%20java/week5/DemoAbstract/src/content/AParent.java</file>
            <file>file:/C:/Users/patel/Documents/sem2%20java/week5/DemoAbstract/src/demoabstract/DemoAbstract.java</file>
            <file>file:/C:/Users/patel/Documents/sem2%20java/week5/DemoAbstract/src/content/AChild.java</file>
            <file>file:/C:/Users/patel/Documents/sem2%20java/week5/DemoAbstract/src/content/BChild.java</file>
            <file>file:/C:/Users/patel/Documents/sem2%20java/week5/DemoAbstract/src/content/GrandChild.java</file>
        </group>
    </open-files>
</project-private>
