<?xml version="1.0" encoding="UTF-8"?>
<project-private xmlns="http://www.netbeans.org/ns/project-private/1">
    <editor-bookmarks xmlns="http://www.netbeans.org/ns/editor-bookmarks/2" lastBookmarkId="0"/>
    <open-files xmlns="http://www.netbeans.org/ns/projectui-open-files/2">
        <group>
            <file>file:/C:/Users/jaini/Documents/java%202/week%209/DemoStream/Barney.dat</file>
            <file>file:/C:/Users/jaini/Documents/java%202/week%209/DemoStream/src/demostream/DemoStream.java</file>
        </group>
    </open-files>
</project-private>
